event_id,event_name,phase_id,phase_name,event_type,source_keyword,note_id,note_url_public,title,desc,tag_list,publish_time_bj,publish_date_bj,creator_hash,nickname,public_ip_location,liked_count_num,collected_count_num,comment_count_num,share_count_num,representative_score,representative_rank_in_phase,is_representative_sample,is_marketing,content_type,collected_device,collected_account,collected_at_bj
B001,2026高考,B001_P2,2026高考开考现场,baseline_national_life_event,高考开考,6a262de10000000022026198,https://www.xiaohongshu.com/explore/6a262de10000000022026198,高考学子霸气走进考场,开考首日，父母送考，高考学子霸气走进考场，一步一稳！#人间温暖[话题]# #正能量[话题]# #高考加油[话题]#,"人间温暖,正能量,高考加油",2026-06-08 10:50:09,2026-06-08,ccc7ec42338f2ebb,正***柒,湖南,1045,171,328,120,2611,44,True,False,blessing,A,account_a,2026-07-04T17:11:11
B001,2026高考,B001_P2,2026高考开考现场,baseline_national_life_event,高考开考,6a250864000000003502c002,https://www.xiaohongshu.com/explore/6a250864000000003502c002,2026年全国高考时间日程,"高考从来不只是这几天的考试，而是无数个认真努力的日夜，最终交出的一份答卷
愿所有高考生：
落笔生花，得偿所愿✨
​2026年全国统一高考今天开考，报名总人数为1290万人，全国共设7981个考点，34.8万个考场，2.1万个备用考场，高考首日的考试科目是语文和数学。
​",,2026-06-07 13:57:56,2026-06-07,caf2409b774e1de8,刘***y,吉林,353,75,4,37,589,53,True,False,exam_scene,A,account_a,2026-07-04T17:11:11
B001,2026高考,B001_P2,2026高考开考现场,baseline_national_life_event,高考开考,6a26880f000000002100b136,https://www.xiaohongshu.com/explore/6a26880f000000002100b136,高考九点开考不是随便定的,#背书方法[话题]# #记忆力[话题]# #我与高考的难忘经历[话题]# #背书技巧[话题]# #高考加油[话题]# #高考不是结束而是新的开始[话题]# #考试[话题]# #小小高考拿下[话题]# #高考冲刺[话题]# #高考[话题]#,"背书方法,记忆力,我与高考的难忘经历,背书技巧,高考加油,高考不是结束而是新的开始,考试,小小高考拿下,高考冲刺,高考",2026-06-08 17:14:55,2026-06-08,cfbd2cf0baaa7eea,大***师,安徽,194,167,3,6,549,54,True,False,blessing,A,account_a,2026-07-04T17:11:11
B001,2026高考,B001_P2,2026高考开考现场,baseline_national_life_event,高考开考,6a24ed0e000000001c027151,https://www.xiaohongshu.com/explore/6a24ed0e000000001c027151,刷到高考破防了，32岁的我也在重新开考,"hello姐妹们👋我是青青
32岁，北漂，前财务，上班带娃转自媒体。
	
这两天刷到高考的消息，突然很感慨。
很多年前的我，也曾以为高考是人生蕞重要的一场考试。好像走出考场那一刻，命运就会被写下答案。
	
可后来慢慢长大才发现，人生真的很有意思。
	
它从来不是只考一次，也不是只给我们一张试卷。
高考是一场青春的奔赴，成年以后，我们还会遇到很多新的“开考时刻”。
	
北漂，是一次开考。
一个人在陌生城市租房、通勤、工作，把小日子一点点过稳。
	
当妈妈，是一次开考。
在孩子的哭声、笑声和日常琐碎里，重新学会耐心、柔软和强大。
	
失业后做小🍠，也是一次开考。
以前做财务，看惯了确定的数字和结果。后来开始写笔记，才发现生活里也有很多不能提前计算的惊喜。
	
一开始我也不会选题，不会封面，不会看数据。孩子睡了以后，我就坐在餐桌前慢慢改笔记。屋子里很安静，手机屏幕亮着，我也像重新坐回了自己的“小考场”。
	
有时候数据一般，但有姐妹留言说：“你写的就是我。”
	
那一刻我真的很开心。原来普通妈妈 的生活，也可以被看见；原来那些柴米油盐、带娃日常、低谷后的重新开始，也能变成一点点光。
	
所以现在再看高考，我反而觉得很温柔。
它不是终点，而是人生很多次出发里的其中一次。
考得好，当然值得骄傲；暂时不如意，也不代表人生就此定格。
	
人生蕞可贵的地方就在于：
只要你愿意，什么时候都可以重新出发，重新为自己写答案。
	
☁️青青碎碎念：
以前总以为人生怕考砸，后来才懂，真正重要的不是一次成绩，而是我们有没有继续往前走的勇气。
	
祝今年所有考生，落笔生花，金榜题名。愿你们走出考场后，奔赴更辽阔的人生。
	
也愿每一个正在重新开考的大人，都能带着轻盈和热爱，慢慢长出自己的光🌱
#素人做博主的成长日记[话题]# #自媒体干货分享[话题]# #plog[话题]# #女性成长[话题]# #失业日记[话题]##北漂生活[话题]# #生活感悟[话题]##2026高考加油[话题]# #高考祝福[话题]# #howto发现小众好物[话题]#","素人做博主的成长日记,自媒体干货分享,plog,女性成长,失业日记,北漂生活,生活感悟,2026高考加油,高考祝福,howto发现小众好物",2026-06-07 12:01:18,2026-06-07,551277521cbc2586,打***阳,北京,66,34,64,1,328,55,True,False,blessing,A,account_a,2026-07-04T17:11:11
B001,2026高考,B001_P2,2026高考开考现场,baseline_national_life_event,高考开考,6a24b54d0000000007020854,https://www.xiaohongshu.com/explore/6a24b54d0000000007020854,高考语文开考,还有半个小时就进考场了，吃的避孕药没啥用，搞得昨天还是来例假了，哎呦，我真服了吧，直接布洛芬压制了，没招了,,2026-06-07 08:03:25,2026-06-07,1f18482d755e3caf,主*,广东,56,1,45,1,195,57,True,False,exam_scene,A,account_a,2026-07-04T17:11:11
B001,2026高考,B001_P2,2026高考开考现场,baseline_national_life_event,高考开考,6a24c2b7000000003501c0e7,https://www.xiaohongshu.com/explore/6a24c2b7000000003501c0e7,提笔有锋芒 落笔皆荣光！2026高考开考！厦门超3万少年从容赴考,提笔有锋芒 落笔皆荣光！2026高考开考！厦门超3万少年从容赴考,,2026-06-07 09:00:39,2026-06-07,64aefa6f236d08f4,厦***报,福建,30,1,0,3,38,59,True,False,exam_scene,A,account_a,2026-07-04T17:11:11
B001,2026高考,B001_P2,2026高考开考现场,baseline_national_life_event,高考开考,6a24d0790000000035026a4b,https://www.xiaohongshu.com/explore/6a24d0790000000035026a4b,2026高考开考,"2026高考首日，
向每一个全力以赴的你，
道一声：加油！
祝你提笔从容，合笔如愿。
2026高考，必胜！
#高考祝福[话题]# #2026高考季[话题]# #北京高考[话题]##东城区[话题]# #金榜题名[话题]#","高考祝福,2026高考季,北京高考,东城区,金榜题名",2026-06-07 09:59:21,2026-06-07,7bd1bcbcf5863ad2,三***子,北京,24,6,1,2,43,58,True,False,blessing,A,account_a,2026-07-04T17:11:11
B001,2026高考,B001_P2,2026高考开考现场,baseline_national_life_event,高考开考,6a263cfd0000000007010491,https://www.xiaohongshu.com/explore/6a263cfd0000000007010491,与2024的高考暴雨握手言和,"又是一年物理高考开考的日子，猝不及防间，我再次掉进2024年广东高考的那场雨里。
	
我在广东某重点中学的重点班，从来都不算天赋型选手，尤其是物理，一直是我的软肋。我没有过人的思维天赋，唯一能做的就是笨鸟先飞，靠日复一日的刷题沉淀，一点点啃下基础题型，稳住非压轴的分数，在物理学科里艰难立足。考前所有风声都在告诉我：难度略有提升，整体与2023年持平。我抱着一丝信心，带着数月的题海积累，觉得只要正常发挥，就能不负所有付出。
	
2024年6月8日，天色落雨，细雨淅淅沥沥。我从容走进考场，却未曾想，这场雨，会成为我青春里一场久久不散的潮湿。
	
落笔的瞬间，所有预设的节奏尽数崩塌。眼前的题目颠覆了我所有的刷题经验，没有熟悉的题型套路，取而代之的是晦涩拗口的题干、冗长复杂的情境、全然陌生的创新设问。密密麻麻的文字铺陈开来，我反复品读，却依旧摸不透核心考点，原本熟练的解题思路，在此刻尽数失灵。
	
那一刻，没有慌乱的失态，没有崩溃的恍惚，只有一种彻骨的寒凉慢慢漫过心底。那种无力，是拼尽全力铺垫的前路，突然被彻底截断的茫然；是无数个日夜的伏案苦读，瞬间沦为无用功的落空。那场考试结束后，我没有哭。后来我才慢慢懂得，哭是情绪的宣泄，而哭不出来，才是难过的最高境界。是心底早已清楚结局已定，所有挣扎都于事无补，所有不甘都无从诉说，是深深的无力与意难平，死死压住了所有情绪，连落泪都成了奢侈。
	
查分那天，物理成绩如期而至，也如约给了我最沉重的一击。它击碎了我所有的备考期许，推翻了我所有的努力认证，成为我青春里最刺眼的遗憾，是无数期盼落空的致命收尾。
	
转眼两年光阴匆匆而过，看似早已翻篇，可只有自己知道，从未真正遗忘，也未曾彻底释怀。考场上的茫然，查分时的失落，早已沉淀在心底，成为一道酸涩的印记。
	
但如今我终于明白，真正的治愈，从来不是彻底抹去过往、遗忘伤痛。人生很多遗憾，本就无法消解，只能共处。2024年的那场物理高考暴雨，终究是停了。它淋透了那个全力以赴却惨遭落空的女孩，打乱了我青春既定的轨迹，也在我心底永远留下了一片潮湿。但我依旧带着这片潮湿，一步步往前走，迎着风，追着光，奔赴一个又一个崭新的晴天。
#高考[话题]# #高考物理[话题]# #我与高考的难忘经历[话题]# #高考加油[话题]# #高考不是结束而是新的开始[话题]# #高考上岸[话题]# #广东物理[话题]#","高考,高考物理,我与高考的难忘经历,高考加油,高考不是结束而是新的开始,高考上岸,广东物理",2026-06-08 11:54:37,2026-06-08,83783d3dfd588284,d***u,广东,16,1,2,1,26,60,True,False,blessing,A,account_a,2026-07-04T17:11:11
B001,2026高考,B001_P2,2026高考开考现场,baseline_national_life_event,高考开考,6a24cf82000000001503cc09,https://www.xiaohongshu.com/explore/6a24cf82000000001503cc09,2026高考开考,"愿高考顺利，考出自己的水平；
考的都会，蒙的都对✅
超常发挥，考上理想的大学🎉
#高考祝福[话题]# #2026高考季[话题]# #高考加油[话题]# #2026高考[话题]# #魔都高考[话题]# #金榜题名[话题]#","高考祝福,2026高考季,高考加油,2026高考,魔都高考,金榜题名",2026-06-07 09:55:14,2026-06-07,af991dfd4632405f,开***程,上海,1,0,3,0,10,61,True,False,blessing,A,account_a,2026-07-04T17:11:11
B001,2026高考,B001_P2,2026高考开考现场,baseline_national_life_event,高考开考,6a260a35000000003502c3a3,https://www.xiaohongshu.com/explore/6a260a35000000003502c3a3,高考第一天，先把能控制的3件事稳住,"今天高考开考，很多人的信息流里都被祝福、天气、路况、送考现场填满。
	
我想到一个很真实的瞬间：越是重要的日子，我们越容易一边告诉自己“别紧张”，一边反复检查、反复担心、反复刷消息。
	
可真正能托住人的，往往不是一句很大的加油，而是几个很小的确定。
	
大事当前，先稳住 3 件事：
	
1. 稳物品：只看一张清单，不临时加新东西。证件、纸笔、手机、钥匙、雨具、水杯，按自己的场景替换。
2. 稳节奏：写下到达、休息、补给、联系人 4 个时间点，减少临场选择。
3. 稳关系：把“别紧张”换成“我在，你按自己的节奏来”；把“我要表现得很好”换成“我现在只做下一步”。
	
这张清单不只给高考生。
	
也给正在考证、面试、汇报、答辩、入职、转岗的人。
	
愿你今天不被太多信息拉走。
	
愿你在重要节点前，能先看见自己手里还有可控的部分。
	
把这张清单转给今天有大事的人，也可以留给下次重要节点前的自己。
	
#高考加油 #重要时刻 #情绪稳定 #面试准备 #职场沟通 #考证人 #打工人成长 #自我管理 #成长清单",,2026-06-08 08:17:57,2026-06-08,0a16bbcbe3f17fdb,淮***锦,上海,0,0,0,0,0,62,True,False,blessing,A,account_a,2026-07-04T17:11:11
B001,2026高考,B001_P2,2026高考开考现场,baseline_national_life_event,高考第一天,6a255106000000003502c1f0,https://www.xiaohongshu.com/explore/6a255106000000003502c1f0,弟弟高考第一天 数学到底有多难？,#高考[话题]###高考数学[话题]##2026高考季[话题]# #高中生[话题]##姐弟[话题]##高考作文[话题]##高考加油[话题]#,"高考,高考数学,2026高考季,高中生,姐弟,高考作文,高考加油",2026-06-07 19:07:50,2026-06-07,aa00077056f4c002,蜡***颖,湖北,28000,2249,217,102,33353,16,True,False,blessing,A,account_a,2026-07-04T17:50:08
B001,2026高考,B001_P2,2026高考开考现场,baseline_national_life_event,高考第一天,6a25457700000000210197b7,https://www.xiaohongshu.com/explore/6a25457700000000210197b7,高考第一天，40岁高三陪读妈妈～7:00起床给孩子做了营养早餐，让孩子吃饱喝好，才能全力以赴去应对高考，祝我的男孩高考顺利，以梦为马，不负韶华；砥砺前行，未来可期。#高考加油[话题]##祝考生们旗开得胜[话题]##高考[话题]#,高考第一天，40岁高三陪读妈妈～7:00起床给孩子做了营养早餐，让孩子吃饱喝好，才能全力以赴去应对高考，祝我的男孩高考顺利，以梦为马，不负韶华；砥砺前行，未来可期。#高考加油[话题]##祝考生们旗开得胜[话题]##高考[话题]#,"高考加油,祝考生们旗开得胜,高考",2026-06-07 18:18:32,2026-06-07,6220d8edc5e5686f,笑***房,安徽,13000,1363,660,416,18538,21,True,False,blessing,A,account_a,2026-07-04T17:50:08
B001,2026高考,B001_P2,2026高考开考现场,baseline_national_life_event,高考第一天,6a257d7a0000000007020827,https://www.xiaohongshu.com/explore/6a257d7a0000000007020827,高考第一天果然没让我们失望#搞笑#高考[话题]# #高考NPC[话题]# #送考[话题]# #考场[话题]#,高考第一天果然没让我们失望#搞笑#高考[话题]# #高考NPC[话题]# #送考[话题]# #考场[话题]#,"高考,高考NPC,送考,考场",2026-06-07 22:17:30,2026-06-07,ae654031bc839f01,吃***社,山东,9441,606,452,4226,20461,19,True,False,exam_scene,A,account_a,2026-07-04T17:50:08
B001,2026高考,B001_P2,2026高考开考现场,baseline_national_life_event,高考第一天,6a2575320000000022008346,https://www.xiaohongshu.com/explore/6a2575320000000022008346,高考第一天,#高考[话题]#,高考,2026-06-07 21:42:10,2026-06-07,0b151c17e76fec10,云***蟹,安徽,7716,317,321,106,9525,27,True,False,exam_scene,A,account_a,2026-07-04T17:50:08
B001,2026高考,B001_P2,2026高考开考现场,baseline_national_life_event,selected_notes_B001_P2_chunk_015,6a24d2a700000000220151d3,https://www.xiaohongshu.com/explore/6a24d2a700000000220151d3,考生途中遇到交通事故堵车，情急之下，求助外卖骑手，顺利到达考场，真是好人无处不在！#高考第一天[话题]# #2026高考[话题]# #爱心送考[话题]#,考生途中遇到交通事故堵车，情急之下，求助外卖骑手，顺利到达考场，真是好人无处不在！#高考第一天[话题]# #2026高考[话题]# #爱心送考[话题]#,"高考第一天,2026高考,爱心送考",2026-06-07 10:08:39,2026-06-07,0a3d052a06278289,彤***嘞,贵州,5617,721,201,52,7766,29,True,False,exam_scene,A,account_a,2026-07-04T20:09:22
B001,2026高考,B001_P2,2026高考开考现场,baseline_national_life_event,高考第一天,6a254534000000003501ecb9,https://www.xiaohongshu.com/explore/6a254534000000003501ecb9,高考第一天，多家官媒发文！,"成毅说：“要去做你认定的事，守护好眼底的星辰与大海。”
这句话，刚好就是今年高考作文的答案。
这大概就是被央媒集体转发的原因吧，这就是正能量的优秀的青年演员成毅！#成毅[话题]# #热搜[话题]# #高考[话题]##官媒[话题]#","成毅,热搜,高考,官媒",2026-06-07 18:17:25,2026-06-07,bb631ce478465527,烟***u,辽宁,4751,342,133,308,6450,31,True,False,exam_scene,A,account_a,2026-07-04T17:50:08
B001,2026高考,B001_P2,2026高考开考现场,baseline_national_life_event,selected_notes_B001_P2_chunk_017,6a2550fd000000001702f37e,https://www.xiaohongshu.com/explore/6a2550fd000000001702f37e,高考送考第一天,#好视频扶持计划[话题]# #二次元看见计划[话题]##高考第一天[话题]#,"好视频扶持计划,二次元看见计划,高考第一天",2026-06-07 19:07:41,2026-06-07,dfbed4464535600c,小***闻,辽宁,3164,1001,35,36,5343,33,True,False,exam_scene,A,account_a,2026-07-04T21:04:40
B001,2026高考,B001_P2,2026高考开考现场,baseline_national_life_event,高考第一天,6a2553740000000006022f0e,https://www.xiaohongshu.com/explore/6a2553740000000006022f0e,高考第一天，77岁爷爷来陪孙子考试，考场外，提起孙子，老人哭了…网友：爷爷那一滴泪，把我们也看哭#泪目[话题]# #人间有温情[话题]# #希望天下所有老人都被善待[话题]# #感动[话题]# #关爱老人[话题]#,高考第一天，77岁爷爷来陪孙子考试，考场外，提起孙子，老人哭了…网友：爷爷那一滴泪，把我们也看哭#泪目[话题]# #人间有温情[话题]# #希望天下所有老人都被善待[话题]# #感动[话题]# #关爱老人[话题]#,"泪目,人间有温情,希望天下所有老人都被善待,感动,关爱老人",2026-06-07 19:18:12,2026-06-07,e44154b0bd50afc1,小***忙,河南,2823,71,120,25,3375,40,True,False,exam_scene,A,account_a,2026-07-04T17:50:08
B001,2026高考,B001_P2,2026高考开考现场,baseline_national_life_event,高考第一天,6a2733f10000000036003b55,https://www.xiaohongshu.com/explore/6a2733f10000000036003b55,高考日记（第一天）,人大附中家长送考父女之第一视角！#高考[话题]# #人大附中[话题]##2026高考季[话题]# #2026高考加油[话题]# @校园薯,"高考,人大附中,2026高考季,2026高考加油",2026-06-09 05:28:17,2026-06-09,4dea845562e50d2f,纳***爸,北京,2764,256,211,83,4075,36,True,False,blessing,A,account_a,2026-07-04T17:50:08
B001,2026高考,B001_P2,2026高考开考现场,baseline_national_life_event,高考第一天,6a25471a0000000006020873,https://www.xiaohongshu.com/explore/6a25471a0000000006020873,高考第一天的你回家刷手机belike,#2026高考季[话题]# #高考[话题]# #pov[话题]# #内容过于真实[话题]# #精神状态belike[话题]#,"2026高考季,高考,pov,内容过于真实,精神状态belike",2026-06-07 18:25:30,2026-06-07,a78307863be86530,姚***e,四川,2048,179,5841,16,19961,20,True,False,exam_scene,A,account_a,2026-07-04T17:50:08
B001,2026高考,B001_P2,2026高考开考现场,baseline_national_life_event,selected_notes_B001_P2_chunk_021,6a27ecea000000003502d728,https://www.xiaohongshu.com/explore/6a27ecea000000003502d728,今天是妹妹高考的第一天瞬间回到了去年的时候#记录我的农村生活[话题]# #日常vlog[话题]##高考加油[话题]#,今天是妹妹高考的第一天瞬间回到了去年的时候#记录我的农村生活[话题]# #日常vlog[话题]##高考加油[话题]#,"记录我的农村生活,日常vlog,高考加油",2026-06-09 18:37:30,2026-06-09,410fe364265cabf1,小*,河南,2016,97,112,19,2584,45,True,False,blessing,A,account_a,2026-07-04T21:18:21
B001,2026高考,B001_P2,2026高考开考现场,baseline_national_life_event,高考第一天,6a2550d10000000035022807,https://www.xiaohongshu.com/explore/6a2550d10000000035022807,高考第一天，陈都灵的翘楚破万啦！,#陈都灵[话题]# #翘楚[话题]##剧集翘楚[话题]#  #翘楚步步算计个个心机[话题]# #高考[话题]#,"陈都灵,翘楚,剧集翘楚,翘楚步步算计个个心机,高考",2026-06-07 19:06:57,2026-06-07,d3a67251ca707458,木***s,湖北,1897,91,29,4,2174,49,True,False,exam_scene,A,account_a,2026-07-04T17:50:08
B001,2026高考,B001_P2,2026高考开考现场,baseline_national_life_event,高考第一天,6a24d9a60000000017029547,https://www.xiaohongshu.com/explore/6a24d9a60000000017029547,蔚乐萤爱心送考车队为考生保驾护航！,高考第一天，蔚乐萤爱心送考车队为考生保驾护航。蔚来考上985，乐道金榜题名时，做高考萤家！蔚来公司用户连续7年爱心送考，祝所有学子考出好成绩，敢想有为，一起加电！#蔚来[话题]##加电的李斌[话题]##蔚来985[话题]# #高考祝福[话题]# #高考[话题]#,"蔚来,加电的李斌,蔚来985,高考祝福,高考",2026-06-07 10:38:30,2026-06-07,8468791d08cc4842,蔚***斌,上海,1877,107,71,34,2372,46,True,False,blessing,A,account_a,2026-07-04T17:50:08
B001,2026高考,B001_P2,2026高考开考现场,baseline_national_life_event,高考第一天,6a24bea6000000001603fea5,https://www.xiaohongshu.com/explore/6a24bea6000000001603fea5,高考第一天，五台山出现双彩虹,祝愿高考的学子们:考试顺利，旗开得胜，如愿以偿！随喜赞叹！🧘 文殊菩萨心咒（智慧咒）:嗡 阿 若 巴 扎 呐 地,,2026-06-07 08:43:18,2026-06-07,48f4227a40c1a2e9,0***7,北京,1286,119,448,179,3226,43,True,False,exam_scene,A,account_a,2026-07-04T17:50:08
B001,2026高考,B001_P2,2026高考开考现场,baseline_national_life_event,高考第一天,6a24f2bc000000000702c984,https://www.xiaohongshu.com/explore/6a24f2bc000000000702c984,今年作文题，出题人想筛选什么人,"高考第一天，语文考完了。
有人关心自己跑没跑题，有人关心作文难不难。我跟你说，真正该关心的不是这个。
作文题年年变，但出题人的标准从没变过。他筛的不是你会不会写800字，他筛的是——你这个人，到底有没有独立思考的能力。
#高考作文[话题]# #人生方向抉择[话题]# #高考[话题]#","高考作文,人生方向抉择,高考",2026-06-07 12:25:32,2026-06-07,c89f83c60f8348d3,新***白,广东,1228,781,26,236,3340,41,True,False,exam_scene,A,account_a,2026-07-04T17:50:08
B001,2026高考,B001_P2,2026高考开考现场,baseline_national_life_event,高考第一天,6a24b44a00000000060237fa,https://www.xiaohongshu.com/explore/6a24b44a00000000060237fa,北大光华院长田轩致2026年高考生,"各位亲爱的同学：
	
今天是2026年高考第一天。无论你身处何地、来自何方，我都真诚地祝愿你稳定发挥。
	
我知道，此刻的你，或许正在做最后的知识点确认，或许刚收到父母肯定的眼神，或许与同伴互道一句“加油”。这种紧张与期待，我也经历过。作为过来人，我想说：高考很重要，但它不会定义人生。高考会为你打开一扇门，但真正决定你走向何处的，是你走出这扇门之后的选择，是你在更长时间里持续坚持的方向。
	
我在北京大学度过四年本科时光。那段经历让我逐渐体会到，“未名其表，博雅于心”。北大带给我的，不只是知识本身，更是一种面对世界的方式：在已知中保持好奇，在未知中保持勇气。这种能力，比任何一场考试都更为重要。
	
九月，无论你走进哪一所大学，请记住今天这个全力以赴的自己。面对新的阶段，不必追求面面俱到，更重要的是找到真正关心的问题、坚持内在的热爱与方向。热爱决定你能走多远，方法决定你能走多稳。
	
如果你来到北大光华，也欢迎来和我坐一坐，在未名湖畔、在博雅塔下、在敢当石旁，聊聊今天的发挥，谈谈接下来的打算。
	
最后，祝各位同学考试顺利。
	
#北大[话题]# #北大光华[话题]# #北京大学[话题]# #高考[话题]# #致高考[话题]# #光华管理学院[话题]# #考试[话题]# #祝福[话题]#","北大,北大光华,北京大学,高考,致高考,光华管理学院,考试,祝福",2026-06-07 07:59:06,2026-06-07,c36bd0f48d255026,北***院,北京,1122,372,35,198,2367,47,True,False,blessing,A,account_a,2026-07-04T17:50:08
B001,2026高考,B001_P2,2026高考开考现场,baseline_national_life_event,高考第一天,6a26ac850000000021016248,https://www.xiaohongshu.com/explore/6a26ac850000000021016248,高考第一天，老大带着没心没肺的笑容迈向了属于他自己的战场，加油 加油 加油#高考加油[话题]#,高考第一天，老大带着没心没肺的笑容迈向了属于他自己的战场，加油 加油 加油#高考加油[话题]#,高考加油,2026-06-08 19:50:29,2026-06-08,40c6bf91f8f9e4c3,王***江,山西,828,33,42,9,1038,52,True,False,blessing,A,account_a,2026-07-04T17:50:08
B001,2026高考,B001_P2,2026高考开考现场,baseline_national_life_event,高考家长,6a267ddb000000002003b70e,https://www.xiaohongshu.com/explore/6a267ddb000000002003b70e,今年的高考数学题,其实是给小学初中家长的一份“理工男式”的善意提醒。高中生家长还在争论题目难不难，咱们先不管了，看懂这份“善意提醒”，赶紧帮孩子调整学习方法。#高考数学[话题]# #数学压轴题[话题]# #全国一卷[话题]# #命题趋势[话题]# #哈佛亮爸[话题]#,"高考数学,数学压轴题,全国一卷,命题趋势,哈佛亮爸",2026-06-08 16:31:23,2026-06-08,eb03199d108f237c,哈***划,重庆,33000,28000,2570,19000,134710,2,True,False,exam_topic_discussion,A,account_a,2026-07-04T17:19:47
B001,2026高考,B001_P2,2026高考开考现场,baseline_national_life_event,高考家长,6a2850d70000000035026271,https://www.xiaohongshu.com/explore/6a2850d70000000035026271,高考第一个出来的学生家长没齐就出来了👍,#左奇函[话题]# #高考[话题]# #这就是青春[话题]#,"左奇函,高考,这就是青春",2026-06-10 01:43:51,2026-06-10,07fc0cb8fb851486,奇***冬,重庆,28000,5396,368,384,40664,12,True,False,general_discussion,A,account_a,2026-07-04T17:19:47
B001,2026高考,B001_P2,2026高考开考现场,baseline_national_life_event,selected_notes_B001_P2_chunk_030,6a28d0d60000000007020a2e,https://www.xiaohongshu.com/explore/6a28d0d60000000007020a2e,高考女生忘带准考证错过考试,高考女生忘带准考证让母亲帮忙送，母亲提早送到考场，女生却还在外面等妈妈，与妈妈错过，最终女生因迟到一分钟禁止入场，母亲当场情绪崩溃无助痛哭。,,2026-06-10 10:49:58,2026-06-10,4726cf6b61a0bba7,珠***网,云南,9863,1005,6579,1065,33740,15,True,False,exam_scene,A,account_a,2026-07-05T16:10:48
B001,2026高考,B001_P2,2026高考开考现场,baseline_national_life_event,selected_notes_B001_P2_chunk_031,6a277b62000000002200b4c4,https://www.xiaohongshu.com/explore/6a277b62000000002200b4c4,高考最后一天！这位家长说得太好了​,"6月9日|长沙 雅礼中学考点 高考最后一天！​
这位家长说得太好了​
余女士：对孩子是无条件的支持信任尊重​
她心态很好 我们也很松弛​
今天会送给她人生中的第一台手机​",,2026-06-09 10:33:06,2026-06-09,471bee7805d605e0,风***闻,湖南,7441,2788,563,1388,17482,22,True,False,general_discussion,A,account_a,2026-07-05T16:15:39
B001,2026高考,B001_P2,2026高考开考现场,baseline_national_life_event,高考结束,6a280059000000003502b8a1,https://www.xiaohongshu.com/explore/6a280059000000003502b8a1,成功迈向人生下一阶段,#高考[话题]# #毕业[话题]##考完啦[话题]# #物化生[话题]##2026高考季[话题]# #2026高考加油[话题]#,"高考,毕业,考完啦,物化生,2026高考季,2026高考加油",2026-06-09 20:00:26,2026-06-09,51243efc6ce15980,C***e,安徽,10,18000,4451,3715,56793,9,True,False,blessing,A,account_a,2026-07-04T17:53:35
B001,2026高考,B001_P2,2026高考开考现场,baseline_national_life_event,selected_notes_B001_P2_chunk_033,6a25f0710000000017029fb4,https://www.xiaohongshu.com/explore/6a25f0710000000017029fb4,北京语文高考结束！清华目标学霸提前交卷，高中最难科现场发言来了#高考采访[话题]# #现场实拍[话题]# #人大附中[话题]# #北京[话题]#,北京语文高考结束！清华目标学霸提前交卷，高中最难科现场发言来了#高考采访[话题]# #现场实拍[话题]# #人大附中[话题]# #北京[话题]#,"高考采访,现场实拍,人大附中,北京",2026-06-08 06:28:01,2026-06-08,af47b625ee81e2f4,李***俊,北京,94000,12000,504,3583,126678,5,True,False,exam_scene,A,account_a,2026-07-05T16:22:51
B001,2026高考,B001_P2,2026高考开考现场,baseline_national_life_event,高考结束,6a26969a0000000006020ee2,https://www.xiaohongshu.com/explore/6a26969a0000000006020ee2,挑战全网最早结束高考！,"本来以为考完会开开心心地冲在第一个
结果到班里哭了半个小时才磨磨唧唧出来……
这个高考就先考到这里！！
剩下的宝宝们要继续顺利呀！！
#小小高考拿下[话题]# #高考[话题]# #高考上岸[话题]#","小小高考拿下,高考,高考上岸",2026-06-08 18:16:58,2026-06-08,a0b36a39f41e50b2,卜***迪,浙江,66000,2714,2605,3149,85541,7,True,False,blessing,A,account_a,2026-07-04T17:53:35
B001,2026高考,B001_P2,2026高考开考现场,baseline_national_life_event,高考结束,6a28ed2600000000350287ec,https://www.xiaohongshu.com/explore/6a28ed2600000000350287ec,高考后必知的25条人情世故潜规则,#大学[话题]# #高考结束做什么[话题]# #高考不是终点[话题]#,"大学,高考结束做什么,高考不是终点",2026-06-10 12:50:46,2026-06-10,523763aeb269b225,酸***长,江西,64000,56000,432,2261,181818,1,True,False,exam_scene,A,account_a,2026-07-04T17:53:35
B001,2026高考,B001_P2,2026高考开考现场,baseline_national_life_event,高考结束,6a27c7a20000000035030206,https://www.xiaohongshu.com/explore/6a27c7a20000000035030206,这个世界很大，只是高考前我们的天地很小,"20年高考结束后爸妈带我去买第一部自己的手机，就在挑手机的过程中，高考分数出了。当时爸妈和柜台阿姨都鼓励我现场查分，但我查完分后当场就从商场里跑了出去，头也不回地跑回了家。
	
我的语文考了有史以来最低分，我无法接受那个成绩，出分后便一直吵着复读。爸妈不同意，觉得已经很好了，帮我填了志愿。
	
那个暑假我是怎么过的呢，我觉得很自卑，认识的人似乎都比我考得好，甚至学校还做了一张“蹭饭图”，你在上面可以看到每个人的去处。图挺好的，就是对那时候的我来说像是在提醒着我和周围人的差距。
	
我当时认为，我大概会在那些比我考的好的人面前一辈子抬不起头。后面我步入大学，认识了各种各样的人，有了更多样的喜悲、更多样的生活。
	
说实话，我最感激的事就是当年没去复读。不是说复读不好，而是我当时的心态根本就不正常，也不适合复读。我将我的整个人生压铸在那场考试中。仿佛我就是为高考而活，一个考试可以决定我的全部。
	
直到我发现，过了那个七月，我的人生仍在继续。
	
那个暑假跟我一起出去玩的朋友们也没有人提起高考，过于在乎这件事的或许只有那时偏执的我。
	
六年后的我会发现，原来人生可以这么辽阔。我想说的倒不是学业方面，而是原来世界这么大，你可以选择任何一种生活。
	
那时苦恼英语完形的我不会想到，自己现在凭着爱好在学德语法语日语等各种语言；
那时常感到孤独的我不会想到，自己会认识这么多有趣的朋友，而有一天自己也学会了和自己相处；
那时决定一辈子不离开自己长大的城市的我，怎会想到后来自己会一个人去很多地方，走很远的路，反击偏见与不公，甚至来到了美国；
那时候只会在小号里写下大量负能的我也不会想到，总有人会理解你，和你产生共鸣，未来会有很多人看你写的文字。
	
高考后的我才感受到多元化的力量，明白人绝不能把自己的生命全部压在一件事情上，这样的执念会毁了你。当你的生活变得更多样，有更多的爱支撑，你才能长久健康地生活。
	
这个世界很大，只是高考前我们的天地很小。
小到只有厚厚的试卷，日复一日的学校和用来衡量我们价值的分数。
	
但未来会不一样，即使这个世界上有很多你不擅长的东西，没关系，总会有你的一席之地。
	
请一直往前走、一直往前走，你们一定会相见。
	
#2026高考季[话题]# #我与高考的难忘经历[话题]# #高考不是终点[话题]# #高考[话题]# #自我和解[话题]# #执念[话题]# #复读[话题]#","2026高考季,我与高考的难忘经历,高考不是终点,高考,自我和解,执念,复读",2026-06-09 15:58:26,2026-06-09,ddf1aca0494a60b6,叫***吧,美国,28000,5129,631,1019,42189,11,True,False,exam_scene,A,account_a,2026-07-04T17:53:35
B001,2026高考,B001_P2,2026高考开考现场,baseline_national_life_event,高考结束,6a27fa75000000001503cd39,https://www.xiaohongshu.com/explore/6a27fa75000000001503cd39,当游戏玩家第一个走出高考考场,#游戏博主日常分享[话题]# #游戏日常[话题]# #手机游戏[话题]# #高考不是结束而是新的开始[话题]# #考完看世界[话题]# #高考结束做什么[话题]# #人生是一场游戏[话题]# #游戏玩家的日常[话题]# #高考[话题]# #高考加油[话题]#,"游戏博主日常分享,游戏日常,手机游戏,高考不是结束而是新的开始,考完看世界,高考结束做什么,人生是一场游戏,游戏玩家的日常,高考,高考加油",2026-06-09 19:35:17,2026-06-09,a7c3562cdefc11cd,巅***桃,浙江,27000,2700,896,1534,38156,13,True,False,blessing,A,account_a,2026-07-04T17:53:35
B001,2026高考,B001_P2,2026高考开考现场,baseline_national_life_event,高考结束,6a254d0f00000000210203f2,https://www.xiaohongshu.com/explore/6a254d0f00000000210203f2,不同省份高考生高考结束后的生活,#猫meme[话题]# #内容过于真实[话题]# #搞笑[话题]# #南北差异[话题]# #高考后[话题]# #暑假工[话题]#,"猫meme,内容过于真实,搞笑,南北差异,高考后,暑假工",2026-06-07 18:50:55,2026-06-07,7169c08b774bf332,香***活,江苏,22000,1557,3503,4307,44237,10,True,False,exam_scene,A,account_a,2026-07-04T17:53:35
B001,2026高考,B001_P2,2026高考开考现场,baseline_national_life_event,高考结束,6a28342d0000000015027b1b,https://www.xiaohongshu.com/explore/6a28342d0000000015027b1b,记录一下高考后…,"今天总算是考完了，下午政治结束后出考场，外面太阳大大的，周围欢声笑语大家都很开心。曾经特别向往高考后的生活，可真当轮到我的时候我却特别平淡，感觉像是高三中的某个模考结束了，还会有无数场考试等着我，曾经感受到的压力还未完全褪却，哈哈哈可能是我一时间适应不过来，待我明天睡到10点看各种电视剧打各种游戏或许又会重新振奋起来吧！[萌萌哒R]
考完试被妈妈接到了，送了我一大捧花，在考点拍了几张照后就直奔手机店，拿下人生中第一部手机（嗯对，家长说大学才给我买手机），其实也挺恍惚的，盯着手机看了很久，心想这手机竟然是我自己的吗？哈哈，拿到后就一顿捣鼓，下了几个游戏，不过我也不怎么想玩，因为我的游戏号全是安卓的！[哭惹R]
后来去吃了顿大餐，逛街逛街逛街，逛了没多久就感觉自己有点电量不足了，好困我要回家睡觉💤
从今天开始我要早睡晚起！过完今晚，又是一个美好的明天。最后我想对所有高考生说：孩子，你的人生才刚刚开始[红色心形R]
#小小高考拿下[话题]##高考结束[话题]#","小小高考拿下,高考结束",2026-06-09 23:41:33,2026-06-09,981aa87322b1df2b,锦***体,安徽,22000,1093,1333,412,29009,17,True,False,exam_scene,A,account_a,2026-07-04T17:53:35
B001,2026高考,B001_P2,2026高考开考现场,baseline_national_life_event,高考结束,6a297be10000000015024f2e,https://www.xiaohongshu.com/explore/6a297be10000000015024f2e,60岁的父亲赶来考点接孩子，没有鲜花和礼物，却带来了八个鸡蛋！ 这就是父爱如山！ #高考祝福[话题]# #人间有爱处处有温暖[话题]# #人间温暖[话题]# #好人一生平安[话题]# #感动瞬间[话题]# #希望天下所有老人都被善待[话题]# #人间有温情[话题]# #爱心传递温暖人间[话题]# #人间有大爱[话题]#,60岁的父亲赶来考点接孩子，没有鲜花和礼物，却带来了八个鸡蛋！ 这就是父爱如山！ #高考祝福[话题]# #人间有爱处处有温暖[话题]# #人间温暖[话题]# #好人一生平安[话题]# #感动瞬间[话题]# #希望天下所有老人都被善待[话题]# #人间有温情[话题]# #爱心传递温暖人间[话题]# #人间有大爱[话题]#,"高考祝福,人间有爱处处有温暖,人间温暖,好人一生平安,感动瞬间,希望天下所有老人都被善待,人间有温情,爱心传递温暖人间,人间有大爱",2026-06-10 22:59:45,2026-06-10,bbea05653599efd6,湖***部,湖南,18000,1266,758,2095,26996,18,True,False,blessing,A,account_a,2026-07-04T17:53:35
B001,2026高考,B001_P2,2026高考开考现场,baseline_national_life_event,高考现场,6a2692ab000000003502f935,https://www.xiaohongshu.com/explore/6a2692ab000000003502f935,富公哦，高考还包场,#万万没想到[话题]# #搞笑[话题]# #高考[话题]#,"万万没想到,搞笑,高考",2026-06-08 18:00:11,2026-06-08,45ad789cd2d38de9,瓜***妹,江西,10,32000,1807,12000,93431,6,True,False,general_discussion,A,account_a,2026-07-04T17:24:50
B001,2026高考,B001_P2,2026高考开考现场,baseline_national_life_event,高考现场,6a27d101000000003502459f,https://www.xiaohongshu.com/explore/6a27d101000000003502459f,6月9日报道，江西南昌 高考没拿准考证，孩子妈妈及时送到考场，不料两人没沟通好，孩子在外面等妈妈，最终时间错过3分钟禁止入场，孩子妈妈崩溃，周围有人上前安慰，母女俩互相抱紧离开。#高考[话题]#  #现场一幕[话题]#  #状况[话题]#,6月9日报道，江西南昌 高考没拿准考证，孩子妈妈及时送到考场，不料两人没沟通好，孩子在外面等妈妈，最终时间错过3分钟禁止入场，孩子妈妈崩溃，周围有人上前安慰，母女俩互相抱紧离开。#高考[话题]#  #现场一幕[话题]#  #状况[话题]#,"高考,现场一幕,状况",2026-06-09 16:38:25,2026-06-09,ba86a8491b7e7a1d,哈***+,黑龙江,34000,2660,7868,3563,70050,8,True,False,exam_scene,A,account_a,2026-07-04T17:24:50
B001,2026高考,B001_P2,2026高考开考现场,baseline_national_life_event,高考现场,6a27f6640000000015025789,https://www.xiaohongshu.com/explore/6a27f6640000000015025789,2026高考最后一场考试结束，考生们欢呼着冲出考场，青春最鲜活的样子就此定格#2026高考[话题]# #长沙[话题]# #青春[话题]#,2026高考最后一场考试结束，考生们欢呼着冲出考场，青春最鲜活的样子就此定格#2026高考[话题]# #长沙[话题]# #青春[话题]#,"2026高考,长沙,青春",2026-06-09 19:17:56,2026-06-09,bbb8a5f42173cf73,长***道,湖南,15000,1711,4638,1319,34974,14,True,False,exam_scene,A,account_a,2026-07-04T17:24:50
B001,2026高考,B001_P2,2026高考开考现场,baseline_national_life_event,高考现场,6a293160000000002103e9f1,https://www.xiaohongshu.com/explore/6a293160000000002103e9f1,这对吗⁉️全班高考集体翻车现场‼️,#剧情[话题]# #一人分多角[话题]#   #人生巅峰时刻[话题]# #搞笑[话题]# #被考试支配的恐惧[话题]# #真实还原[话题]# #一定要看到最后[话题]# #高考[话题]# #2026高考[话题]#,"剧情,一人分多角,人生巅峰时刻,搞笑,被考试支配的恐惧,真实还原,一定要看到最后,高考,2026高考",2026-06-10 17:41:52,2026-06-10,9b6a45af7178cda7,小***屋,山东,14000,1479,101,47,17355,23,True,False,general_discussion,A,account_a,2026-07-04T17:24:50
B001,2026高考,B001_P2,2026高考开考现场,baseline_national_life_event,高考现场,6a263a9f0000000016027678,https://www.xiaohongshu.com/explore/6a263a9f0000000016027678,历史名人高考翻车现场，一个比一个离谱哈哈,".
救命真的笑不活了！央视新闻这个视频真的是紧跟热点了~
	
当名人参加高考，会发生什么?一起来看看~
	
#高考采访[话题]# #高考[话题]# #2026高考[话题]# #创意[话题]# #创意广告[话题]# #万万没想到[话题]# #历史人物[话题]# #脑洞[话题]# #央视新闻[话题]#
	
视频转载自：央视新闻","高考采访,高考,2026高考,创意,创意广告,万万没想到,历史人物,脑洞,央视新闻",2026-06-08 11:44:31,2026-06-08,d7ef51e39b4ab0d1,顶***榜,福建,10000,1630,140,1027,15734,24,True,False,general_discussion,A,account_a,2026-07-04T17:24:50
B001,2026高考,B001_P2,2026高考开考现场,baseline_national_life_event,高考现场,6a268faa00000000150244db,https://www.xiaohongshu.com/explore/6a268faa00000000150244db,提前交卷，人大附中第一个走出考场的学生，他的心境如此通透#人大附中[话题]# #考生采访[话题]# #现场实拍[话题]# #高考那些事[话题]#,提前交卷，人大附中第一个走出考场的学生，他的心境如此通透#人大附中[话题]# #考生采访[话题]# #现场实拍[话题]# #高考那些事[话题]#,"人大附中,考生采访,现场实拍,高考那些事",2026-06-08 17:47:22,2026-06-08,af47b625ee81e2f4,李***俊,北京,9045,1030,302,569,13149,25,True,False,exam_scene,A,account_a,2026-07-04T17:24:50
B001,2026高考,B001_P2,2026高考开考现场,baseline_national_life_event,高考现场,6a2506720000000016025bc9,https://www.xiaohongshu.com/explore/6a2506720000000016025bc9,"📢高考真的考了琵琶行❗
#奇然[话题]# #沈谧仁[话题]# #琵琶行[话题]# #高考[话题]# #现场live[话题]#","📢高考真的考了琵琶行❗
#奇然[话题]# #沈谧仁[话题]# #琵琶行[话题]# #高考[话题]# #现场live[话题]#","奇然,沈谧仁,琵琶行,高考,现场live",2026-06-07 13:49:38,2026-06-07,6ed1bd4cdb4ad5f5,豆***汤,山东,5038,608,157,110,6945,30,True,False,general_discussion,A,account_a,2026-07-04T17:24:50
B001,2026高考,B001_P2,2026高考开考现场,baseline_national_life_event,高考现场,6a2797150000000021020958,https://www.xiaohongshu.com/explore/6a2797150000000021020958,高考结束！！！这就是青春散场的模样吧！！！！！,"2026高考结束了！！成都街头偶遇
成都人的高考应援好温暖啊
祝各位考生都金榜题名呀
努力过也算是无悔青春啊
	
家人们还带上了兵王提⽓杯🍃
⽩兰⻘提冰茶和冰奶都好清爽
寓意真的也好棒啊！！！
	
#兵⽴王[话题]# #兵立王青提[话题]# #我的青春落幕了[话题]# #高考应援团[话题]# #致高考[话题]# #成都旅游攻略[话题]# #直击2026高考现场[话题]# #高考祝福[话题]# #2026高考季[话题]# #生活需要分享欲[话题]# #高考不是结束而是新的开始[话题]# #高考结束做什么[话题]# #成都[话题]# #青春是一场盛夏[话题]# #考完就可以去看世界了[话题]# #那是我们再也回不去的青春[话题]#","兵⽴王,兵立王青提,我的青春落幕了,高考应援团,致高考,成都旅游攻略,直击2026高考现场,高考祝福,2026高考季,生活需要分享欲,高考不是结束而是新的开始,高考结束做什么,成都,青春是一场盛夏,考完就可以去看世界了,那是我们再也回不去的青春",2026-06-09 12:31:17,2026-06-09,bb5bd7c6367bad64,吾***山,四川,4578,197,128,203,5762,32,True,False,blessing,A,account_a,2026-07-04T17:24:50
B001,2026高考,B001_P2,2026高考开考现场,baseline_national_life_event,高考现场,6a277d7100000000080324ef,https://www.xiaohongshu.com/explore/6a277d7100000000080324ef,高考结束啦～,"祝各位考生前程似锦💖或者，自由生长就好~
自由生长最好！
	
感谢小红书@薯队长@薯队长@热点薯 @REDstudio 推荐[大笑R]十年前帮我记录下出高考考场瞬间的摄影师老师，给我发来了更多当年的原图。一个命运的回环˶>ᗜ<˶
	
2026，我们毕业十周年了——
上周参加了附中伙伴们的婚礼。现场是一个大型同学聚会¯꒳¯很多同学从香港、甚至从美国赶回来，只为能再次见证彼此重要的时刻。大家从对方身上都看到了什么呢，好好奇，希望还能有个返校的大聚会（虽然从初中起，年级每次都赶上当届大型活动的取消，就像有人照相会恰巧闭眼一样[笑哭R]）
不过也没关系
变与不变都好
有缘会再见的hh
向前、向前🦖🦖🦖
	
#人大附中[话题]# #高考祝福[话题]# #rdfz[话题]# #毕业拍照[话题]# #高考加油[话题]# #高考上岸[话题]# #高考应援团[话题]# #2026高考季[话题]# #2026高考[话题]# #2026高考加油[话题]#","人大附中,高考祝福,rdfz,毕业拍照,高考加油,高考上岸,高考应援团,2026高考季,2026高考,2026高考加油",2026-06-09 10:41:53,2026-06-09,74292b7eb9ccefe2,张***仪,北京,3988,376,76,142,5252,34,True,False,blessing,A,account_a,2026-07-04T17:24:50
B001,2026高考,B001_P2,2026高考开考现场,baseline_national_life_event,高考现场,6a2557a10000000021008e3e,https://www.xiaohongshu.com/explore/6a2557a10000000021008e3e,6月7日，广东深圳，深圳高考送考队伍狗狗成新宠，上午就有家长牵着狗狗来送考，下午考完数学一男生更是无缝衔接遛狗，现场淡定称：它是来接我回去的。第一现场记者问狗狗来接你，有没有更踏实一点？考生笑称：没有，你看它捣乱的样子就知道。#2026高考[话题]#  #宠物狗送考[话题]#  #直击第一现场[话题]#  #全抖音为2026高考加油[话题]#,6月7日，广东深圳，深圳高考送考队伍狗狗成新宠，上午就有家长牵着狗狗来送考，下午考完数学一男生更是无缝衔接遛狗，现场淡定称：它是来接我回去的。第一现场记者问狗狗来接你，有没有更踏实一点？考生笑称：没有，你看它捣乱的样子就知道。#2026高考[话题]#  #宠物狗送考[话题]#  #直击第一现场[话题]#  #全抖音为2026高考加油[话题]#,"2026高考,宠物狗送考,直击第一现场,全抖音为2026高考加油",2026-06-07 19:36:01,2026-06-07,4aa4c11a2e03fe5e,深***场,广东,3972,136,72,351,5162,35,True,False,blessing,A,account_a,2026-07-04T17:24:50
B001,2026高考,B001_P2,2026高考开考现场,baseline_national_life_event,高考现场,6a26c0920000000007012041,https://www.xiaohongshu.com/explore/6a26c0920000000007012041,高考现场，女孩进考场前，突然转身，给妈妈深深鞠了三躬。妈妈瞬间泪崩，眼泪再也止不住，网友：“教书育人”从来都不单指成绩，孩子不管考的什么样，已经成功了,高考现场，女孩进考场前，突然转身，给妈妈深深鞠了三躬。妈妈瞬间泪崩，眼泪再也止不住，网友：“教书育人”从来都不单指成绩，孩子不管考的什么样，已经成功了,,2026-06-09 16:30:09,2026-06-09,5c2e4d2bf49c5e23,常***国,河南,3391,225,32,24,3985,38,True,False,exam_scene,A,account_a,2026-07-04T17:24:50
B001,2026高考,B001_P2,2026高考开考现场,baseline_national_life_event,高考现场,6a251d38000000001503e78a,https://www.xiaohongshu.com/explore/6a251d38000000001503e78a,700分和700万，第一个走出考场的考生直言！#高考[话题]#  #2026高考[话题]#  #高考现场[话题]#  #2026高考现场[话题]#  #高考加油[话题]# #第一位走出考场的考生[话题]#,700分和700万，第一个走出考场的考生直言！#高考[话题]#  #2026高考[话题]#  #高考现场[话题]#  #2026高考现场[话题]#  #高考加油[话题]# #第一位走出考场的考生[话题]#,"高考,2026高考,高考现场,2026高考现场,高考加油,第一位走出考场的考生",2026-06-07 15:26:48,2026-06-07,6629ba04fbd2dd6b,高***邦,北京,2442,234,200,165,3840,39,True,False,blessing,A,account_a,2026-07-04T17:24:50
B001,2026高考,B001_P2,2026高考开考现场,baseline_national_life_event,高考现场,6a25407e000000001700959e,https://www.xiaohongshu.com/explore/6a25407e000000001700959e,北京 人大附中高考,"人大附中，高考首日,妈妈送考，附中校服，一步一稳。附中少年，加油#人大附中高考[话题]#  #人大附中[话题]#  #妈妈送考[话题]#  #高考加油[话题]# #人生的意义[话题]# #我们高处见[话题]# #高中[话题]# #小小高考拿下[话题]# #青春有很多样子[话题]# #不出意外的话[话题]#","人大附中高考,人大附中,妈妈送考,高考加油,人生的意义,我们高处见,高中,小小高考拿下,青春有很多样子,不出意外的话",2026-06-07 17:57:18,2026-06-07,abd38e2329e6a7ce,喵***i,广东,2082,202,190,86,3228,42,True,False,blessing,A,account_a,2026-07-04T17:24:50
B001,2026高考,B001_P2,2026高考开考现场,baseline_national_life_event,高考现场,6a267d38000000000803e9b6,https://www.xiaohongshu.com/explore/6a267d38000000000803e9b6,高考年年有 年年“节目”不重样啊#高考[话题]#  #万万没想到[话题]#  #考试[话题]#  #高考加油[话题]#,高考年年有 年年“节目”不重样啊#高考[话题]#  #万万没想到[话题]#  #考试[话题]#  #高考加油[话题]#,"高考,万万没想到,考试,高考加油",2026-06-08 16:28:40,2026-06-08,aa3b21967e271fc9,娱***报,山西,2003,662,35,302,4036,37,True,False,blessing,A,account_a,2026-07-04T17:24:50
B001,2026高考,B001_P2,2026高考开考现场,baseline_national_life_event,高考现场,6a2693640000000016026dbe,https://www.xiaohongshu.com/explore/6a2693640000000016026dbe,直达赖子家族的高考现场🤥,额…这..很难吗🤥@桃黑黑 @桃黑黑（小号版） #桃黑黑[话题]# #桃米洗菜[话题]# #赖子家族[话题]# #二创[话题]# #同人产粮节[话题]#,"桃黑黑,桃米洗菜,赖子家族,二创,同人产粮节",2026-06-08 18:03:16,2026-06-08,bf9a65e72cdf803e,早***版,广东,1940,74,33,73,2333,48,True,False,general_discussion,A,account_a,2026-07-04T17:24:50
B001,2026高考,B001_P2,2026高考开考现场,baseline_national_life_event,高考考场,6a254c9800000000070228b7,https://www.xiaohongshu.com/explore/6a254c9800000000070228b7,那些考场上的无语时刻,#搞笑[话题]# #黑色幽默[话题]# #真实还原[话题]# #吐槽[话题]# #反转剧情[话题]#,"搞笑,黑色幽默,真实还原,吐槽,反转剧情",2026-06-07 18:48:56,2026-06-07,ba93d3f3b7224585,来***斯,福建,62000,7919,16000,1420,128678,4,True,False,exam_scene,A,account_a,2026-07-04T17:16:43
B001,2026高考,B001_P2,2026高考开考现场,baseline_national_life_event,高考考场,6a269b07000000001702c542,https://www.xiaohongshu.com/explore/6a269b07000000001702c542,谁懂啊··…扛楼路过考点，突然懂了读书的意,"扛着几百斤的沙袋，路过静悄悄的考场。
汗水和回忆一起模糊了视线。
原来，我那年错过的，不只是那场考试，更是那把能打开新世界的钥匙。
但人生不止一种考题，对吗?
#高考[话题]# #打工人[话题]# #人生感悟[话题]# #成年人的世界[话题]#","高考,打工人,人生感悟,成年人的世界",2026-06-08 18:35:51,2026-06-08,a66a977a244565fd,会***果,湖南,32000,31000,1010,18000,133030,3,True,False,exam_scene,A,account_a,2026-07-04T17:16:43
B001,2026高考,B001_P2,2026高考开考现场,baseline_national_life_event,高考考场,6a27ed060000000036003e8f,https://www.xiaohongshu.com/explore/6a27ed060000000036003e8f,怎么有人在高考考场外出cos,#cos[话题]# #高考[话题]# #高考结束[话题]# #逆水寒手游[话题]#,"cos,高考,高考结束,逆水寒手游",2026-06-09 18:37:58,2026-06-09,cad919cc26bedf94,观***酒,安徽,9288,339,333,52,11069,26,True,False,exam_scene,A,account_a,2026-07-04T17:16:43
B001,2026高考,B001_P2,2026高考开考现场,baseline_national_life_event,高考考场,6a256d2b00000000160276d0,https://www.xiaohongshu.com/explore/6a256d2b00000000160276d0,人大附中全国顶尖大学 高考学子霸气进考场#高考[话题]# #金榜题名[话题]#,人大附中全国顶尖大学 高考学子霸气进考场#高考[话题]# #金榜题名[话题]#,"高考,金榜题名",2026-06-07 21:07:55,2026-06-07,4c3295cb1c02ffce,小***学,北京,4556,464,740,130,7964,28,True,False,exam_scene,A,account_a,2026-07-04T17:16:43
B001,2026高考,B001_P2,2026高考开考现场,baseline_national_life_event,高考考场,6a24ee91000000001603daa4,https://www.xiaohongshu.com/explore/6a24ee91000000001603daa4,2026年高考首场第一位走出考场的学子,#2026高考季[话题]# #2026年高考[话题]# #第一个走出考场的人[话题]#,"2026高考季,2026年高考,第一个走出考场的人",2026-06-07 12:07:45,2026-06-07,2192d548df922aaa,海***韵,陕西,952,274,52,11,1678,50,True,False,exam_scene,A,account_a,2026-07-04T17:16:43
B001,2026高考,B001_P2,2026高考开考现场,baseline_national_life_event,高考考场,6a26c4280000000016025570,https://www.xiaohongshu.com/explore/6a26c4280000000016025570,广东考场静悄悄。,外省陪考人山人海，广东考场静悄悄。#广东高考[话题]##松弛感拉满[话题]##升学宴[话题]##文化差异[话题]#,"广东高考,松弛感拉满,升学宴,文化差异",2026-06-08 21:31:20,2026-06-08,0b4027029a4ec6a6,广***正,广东,172,15,452,15,1588,51,True,False,exam_scene,A,account_a,2026-07-04T17:16:43
B001,2026高考,B001_P2,2026高考开考现场,baseline_national_life_event,高考考场,6a2512c30000000036000df4,https://www.xiaohongshu.com/explore/6a2512c30000000036000df4,镜头里，记录下长郡高考生的第一场“冲刺”,"长沙长郡高考第一场结束实拍！
从冲出考场的少年，到人群里的目光，每一张都是青春的样子！
十二年寒窗，此刻是自由的风，是向前的路！
愿接下来的考试也能如你们所愿，为每一个全力以赴的自己喝彩！[赞R][赞R][赞R]
·
📍长沙·长郡中学
·
#高考[话题]#
#长沙高考[话题]#
#高考冲刺[话题]#
#高考祝福[话题]#
#长郡中学[话题]#
#高考结束[话题]#
#高考现场[话题]#
#青春正澎湃[话题]#
#高考不是终点[话题]#
#朝气蓬勃的青春[话题]#","高考,长沙高考,高考冲刺,高考祝福,长郡中学,高考结束,高考现场,青春正澎湃,高考不是终点,朝气蓬勃的青春",2026-06-07 14:42:11,2026-06-07,ac149a959678cff2,柆*,湖南,166,16,14,19,278,56,True,False,blessing,A,account_a,2026-07-04T17:16:43
B001,2026高考,B001_P5,2026高考志愿填报,baseline_national_life_event,报志愿,6a40a71b000000001503ca40,https://www.xiaohongshu.com/explore/6a40a71b000000001503ca40,高考报志愿，抓住信息差有多重要❗️,#2026高考季[话题]# #2026志愿季[话题]# #报志愿[话题]# #志愿填报[话题]# #志愿填报指南[话题]# #志愿填报那些事[话题]# #高考志愿[话题]# #高考志愿征集[话题]# #滑档[话题]# #退档[话题]#,"2026高考季,2026志愿季,报志愿,志愿填报,志愿填报指南,志愿填报那些事,高考志愿,高考志愿征集,滑档,退档",2026-06-28 12:46:19,2026-06-28,0300bae9c24bc6e5,叫***醒,河北,58000,57000,1283,17000,209849,1,True,False,volunteer_decision,A,account_a,2026-07-04T17:38:57
B001,2026高考,B001_P5,2026高考志愿填报,baseline_national_life_event,selected_notes_B001_P5_chunk_002,6a41dcfc000000001101c641,https://www.xiaohongshu.com/explore/6a41dcfc000000001101c641,这几天报志愿被刷新认知的我,#高考志愿[话题]# #高考报志愿选专业[话题]# #填报志愿[话题]# #分数线[话题]#,"高考志愿,高考报志愿选专业,填报志愿,分数线",2026-06-29 10:48:28,2026-06-29,9201a1525a4ed553,小***）,广东,27000,1740,1797,3673,43217,3,True,False,score_result,A,account_a,2026-07-04T20:15:10
B001,2026高考,B001_P5,2026高考志愿填报,baseline_national_life_event,selected_notes_B001_P5_chunk_003,6a44fdba000000000702cddf,https://www.xiaohongshu.com/explore/6a44fdba000000000702cddf,“事以秘成，言以泄败”的含金量,#内容过于真实[话题]# #报志愿[话题]# #人心难测[话题]# #一人分饰多角[话题]# #晨哥儿[话题]# #原创[话题]# #剧情[话题]#,"内容过于真实,报志愿,人心难测,一人分饰多角,晨哥儿,原创,剧情",2026-07-01 19:44:58,2026-07-01,5ca3a066630659a9,晨***儿,上海,26000,1881,447,207,31517,4,True,False,volunteer_decision,A,account_a,2026-07-04T20:19:06
B001,2026高考,B001_P5,2026高考志愿填报,baseline_national_life_event,selected_notes_B001_P5_chunk_004,6a3fe9be0000000016024e11,https://www.xiaohongshu.com/explore/6a3fe9be0000000016024e11,帮妹妹填志愿越填越难受,"高考出分后帮忙妹妹填志愿，我想让妹妹去大城市，可因为家里经济很差，大概率未来妹妹读大学开支都是我承担。妹妹为了给我省钱一直在看学费便宜的学校。其实学费没差多少一年的学费我一两个月就攒下来了。
听见她说这几个便宜些真的很难受，她还太小只能看懂钱上数字的大小，却还不会称量未来的重量。她经常为了几块钱计较，怎么可能把自己放在上万元前面。#填志愿[话题]# #报志愿[话题]# #高考报志愿选专业[话题]# #高考志愿[话题]#","填志愿,报志愿,高考报志愿选专业,高考志愿",2026-06-27 23:18:22,2026-06-27,ebbef9cf178fc9c2,É***e,河北,14000,1166,714,264,19002,7,True,False,volunteer_decision,A,account_a,2026-07-04T20:23:04
B001,2026高考,B001_P5,2026高考志愿填报,baseline_national_life_event,selected_notes_B001_P5_chunk_005,6a4090ca0000000021015778,https://www.xiaohongshu.com/explore/6a4090ca0000000021015778,女生真的不要乱选工科！看到就是赚到！,"理科女生是可以学理工科的，但是
理科女生填报志愿千万别乱报工科！
很多专业看着分高热门，毕业找工作直接遭隐性歧视😭
采矿/测绘/土木/石油/资源勘查这类直接避雷
对口岗位常年野外驻场、下井、跑工地
企业招聘明里暗里优先男生，女生可选岗位少
还内卷
不是工科不能读，选对细分赛道才吃香
自动化、电气避开车间运维，冲编程研发
不想风吹日晒坐办公室，财会、计算机、师范
会友好很多
2026届女生填志愿，专业坑一定要提前避开！
感兴趣🉑进qun
#高考报志愿选专业[话题]# #理工科专业推荐[话题]# #高考志愿[话题]##避雷专业[话题]# #高考报志愿必看[话题]# #志愿填报[话题]# #女生报志愿[话题]# #2026高考季[话题]# #工科[话题]# #高考志愿规划[话题]#","高考报志愿选专业,理工科专业推荐,高考志愿,避雷专业,高考报志愿必看,志愿填报,女生报志愿,2026高考季,工科,高考志愿规划",2026-06-28 11:11:06,2026-06-28,efd803df5da7be4f,阿***姐,云南,10000,8081,413,1729,30859,5,True,False,volunteer_decision,A,account_a,2026-07-04T20:27:07
B001,2026高考,B001_P5,2026高考志愿填报,baseline_national_life_event,selected_notes_B001_P5_chunk_006,6a3f74b1000000002201bf10,https://www.xiaohongshu.com/explore/6a3f74b1000000002201bf10,填志愿不和家里人吵架的是这个👍#志愿填报[话题]# #高考[话题]##志愿[话题]#,填志愿不和家里人吵架的是这个👍#志愿填报[话题]# #高考[话题]##志愿[话题]#,"志愿填报,志愿,高考",2026-06-27 14:58:57,2026-06-27,bf7146d815378278,y*,安徽,8350,534,4949,685,25635,6,True,False,volunteer_decision,A,account_a,2026-07-04T20:31:02
B001,2026高考,B001_P5,2026高考志愿填报,baseline_national_life_event,selected_notes_B001_P5_chunk_007,6a3f3abb0000000011013fa2,https://www.xiaohongshu.com/explore/6a3f3abb0000000011013fa2,文科生填志愿的混乱程度,"甚至有些梗我都看不懂[捂脸R][捂脸R]
	
#高考报考[话题]# #填志愿[话题]# #学生的命也是命[话题]# #搞笑[话题]#","高考报考,填志愿,学生的命也是命,搞笑",2026-06-27 10:51:39,2026-06-27,b69debb71568df5d,乐***滋,广东,7637,232,489,737,11042,9,True,False,volunteer_decision,A,account_a,2026-07-04T20:32:55
B001,2026高考,B001_P5,2026高考志愿填报,baseline_national_life_event,高考报考,6a3f1df8000000001603c967,https://www.xiaohongshu.com/explore/6a3f1df8000000001603c967,独家专题高考志愿填精准捡漏大法之大小年法,#高考志愿填报[话题]# #高考[话题]# #报考指南[话题]# #志愿填报[话题]# #志愿填报攻略[话题]# #高考报志愿选专业[话题]# #高考志愿[话题]#,"高考志愿填报,高考,报考指南,志愿填报,志愿填报攻略,高考报志愿选专业,高考志愿",2026-06-27 08:48:56,2026-06-27,7ef310096c0d3de6,米***姐,内蒙古,6074,4647,67,935,17439,8,True,False,volunteer_decision,A,account_a,2026-07-04T17:44:55
B001,2026高考,B001_P5,2026高考志愿填报,baseline_national_life_event,高考报考,6a3e96fb000000001700a2a3,https://www.xiaohongshu.com/explore/6a3e96fb000000001700a2a3,在考虑报麻醉学吗？先听听我的选择吧,"这两天有看到一个热搜“麻醉学就业率几乎100%”，也有很多朋友私信问过我要不要选择麻醉学之类的，于是录了这期碎碎念，希望能帮到在犹豫的朋友~
#2026志愿季[话题]# #好视频扶持计划[话题]# #麻醉学[话题]# #临床医学[话题]# #高考志愿[话题]#","2026志愿季,好视频扶持计划,麻醉学,临床医学,高考志愿",2026-06-27 11:00:41,2026-06-27,b451ff78e8000322,货*,北京,4469,230,178,169,5801,13,True,True,volunteer_decision,A,account_a,2026-07-04T17:44:55
B001,2026高考,B001_P5,2026高考志愿填报,baseline_national_life_event,高考报考,6a3f2c4a000000000f014e1f,https://www.xiaohongshu.com/explore/6a3f2c4a000000000f014e1f,高考报志愿看这一个就够了,给普通家庭孩子的一点建议#高考报志愿选专业[话题]# #高考志愿[话题]#,"高考报志愿选专业,高考志愿",2026-06-27 09:50:02,2026-06-27,a2f76468c7a9ed5a,H***芽,重庆,2929,1842,94,1302,9499,10,True,False,volunteer_decision,A,account_a,2026-07-04T17:44:55
B001,2026高考,B001_P5,2026高考志愿填报,baseline_national_life_event,selected_notes_B001_P5_chunk_011,6a433789000000000f014556,https://www.xiaohongshu.com/explore/6a433789000000000f014556,高考652分，想报土木工程啊？？？？？？？,#高考志愿故事会[话题]# #2026高考季[话题]# #2026志愿季[话题]# #土木[话题]# #脱口秀[话题]# #土木工程专业[话题]# #土木就业前景[话题]# @笑薯,"高考志愿故事会,2026高考季,2026志愿季,土木,脱口秀,土木工程专业,土木就业前景",2026-06-30 19:00:57,2026-06-30,181bbef4ab25391c,小***砸,四川,10,11000,7860,37000,119590,2,True,False,volunteer_decision,A,account_a,2026-07-04T20:47:41
B001,2026高考,B001_P5,2026高考志愿填报,baseline_national_life_event,高考志愿,6a3fbaf9000000000f01fd5e,https://www.xiaohongshu.com/explore/6a3fbaf9000000000f01fd5e,我已经心碎了,"过去先问了成绩和意愿，反正就觉得态度有点不对吧，开始说自己女儿为了专业放弃双一流211到澳门上学，好像在炫耀一样。。但是我都无所谓了，给了一张a4纸和一根笔，让我们列学校。我们一个一个搜然后写上去给她看，一眼都没看，上来先质疑：你怎么报的，你会报吗？这个不能光看分数啊。。我说我会报，我懂这个，我有看位次。非常无语地闭嘴了，然后继续挑刺，指着我写的一个学校说：你看学费了吗？这个学校学费很贵的。
表示明白了以后又指了我的另一个学校：你觉得你考得上？你觉得你能报？你觉得人家会录你？人家分数很高的。我说那么先报提前批嘛，她说，提前批随便怎么报吧，你反正也录上的概率不大。此时楼主已受不了，遂小发雷霆，把那个学校划掉：那不报了呗。她大发雷霆：你回去吧，现在报不了。我好心办坏事你竟然还给我脸色看。我已被气哭#树洞[话题]# #碎碎念[话题]# #真正的寒心不是大吵大闹[话题]# #我的命也是命[话题]# #轻轻地碎了[话题]# #我没有破防[话题]# #谁懂我的痛[话题]# #高考[话题]# #报志愿[话题]#","树洞,碎碎念,真正的寒心不是大吵大闹,我的命也是命,轻轻地碎了,我没有破防,谁懂我的痛,高考,报志愿",2026-06-27 19:58:49,2026-06-27,abfc8b14afa667dd,k***n,山西,4243,286,884,176,7819,12,True,False,score_result,A,account_a,2026-07-04T17:33:07
B001,2026高考,B001_P5,2026高考志愿填报,baseline_national_life_event,selected_notes_B001_P5_chunk_013,6a3f8a78000000000702819b,https://www.xiaohongshu.com/explore/6a3f8a78000000000702819b,额…这咋又和命运扯上了,原来你们考去偏远地方是命运安排，不是自己拿来保底的[笑哭R][笑哭R]#高考[话题]# #志愿[话题]#,"高考,志愿",2026-06-27 16:31:52,2026-06-27,d4799c974e98fd36,睡***轻,四川,3853,119,1339,118,8344,11,True,False,volunteer_decision,A,account_a,2026-07-04T20:55:13
